{
  "project_info": {
    "project_number": "406668374230",
    "project_id": "gestaolojaaulas",
    "storage_bucket": "gestaolojaaulas.firebasestorage.app"
  },
  "client": [
    {
      "client_info": {
        "mobilesdk_app_id": "1:406668374230:android:7ddbf81df92f9995665977",
        "android_client_info": {
          "package_name": "ipca.example.gestao_loja_aulas"
        }
      },
      "oauth_client": [],
      "api_key": [
        {
          "current_key": "AIzaSyC-Z91_nFzNq4CPNMZDw7l0Kv5NxioE93s"
        }
      ],
      "services": {
        "appinvite_service": {
          "other_platform_oauth_client": []
        }
      }
    }
  ],
  "configuration_version": "1"
}